{
    "learning_rate": 0.14568738923310093,
    "max_iter": 450,
    "max_leaf_nodes": 32,
    "min_samples_leaf": 14,
    "l2_regularization": 0.00022908003524670285
}