{
    "learning_rate": 0.027765539321607646,
    "max_iter": 450,
    "max_leaf_nodes": 19,
    "min_samples_leaf": 20,
    "l2_regularization": 9.597199014580608e-08
}